created_at=>2010-12-28 20:41:02 UTC,title=>Dark art,updated_at=>2011-02-03 04:47:26 UTC,id=>9,day=>6,quickload_header=>fp_06_01_01_,download_id=>9,download_type=>Pdf,upload_url=>http://s3.amazonaws.com/fullbridge-pdfs/fp_06_01_01_dark_art.pdf,upload_file_name=>fp_06_01_01_dark_art.pdf,upload_file_size=>101134,upload_content_type=>application/pdf,tags=>Day 3; Unit 6; Introduction
created_at=>2011-01-03 13:29:45 UTC,title=>What makes a good salesman,updated_at=>2011-02-03 04:47:26 UTC,id=>40,day=>15,quickload_header=>fp_15_02_01_,download_id=>36,download_type=>Pdf,upload_url=>http://s3.amazonaws.com/fullbridge-pdfs/fp_15_02_01_What_Makes_a_Good_Salesman.pdf,upload_file_name=>fp_15_02_01_What_Makes_a_Good_Salesman.pdf,upload_file_size=>222625,upload_content_type=>application/pdf,tags=>Day 8; Unit 15; Effective Salespeople
created_at=>2011-01-04 12:49:33 UTC,title=>Drucker managing oneself,updated_at=>2011-02-03 04:47:28 UTC,id=>222,day=>18,quickload_header=>fp_18_02_02_,download_id=>218,download_type=>Pdf,upload_url=>http://s3.amazonaws.com/fullbridge-pdfs/fp_18_02_02_Drucker_managing_oneself.pdf,upload_file_name=>fp_18_02_02_Drucker_managing_oneself.pdf,upload_file_size=>202044,upload_content_type=>application/pdf,tags=>Day 9; Unit 18; Managing Your Workstream
created_at=>2011-01-04 12:49:33 UTC,title=>Underperformer,updated_at=>2011-02-03 04:47:28 UTC,id=>223,day=>18,quickload_header=>fp_18_02_02_,download_id=>219,download_type=>Pdf,upload_url=>http://s3.amazonaws.com/fullbridge-pdfs/fp_18_02_02_Underperformer.pdf,upload_file_name=>fp_18_02_02_Underperformer.pdf,upload_file_size=>74399,upload_content_type=>application/pdf,tags=>Day 9; Unit 18; Managing Your Workstream
created_at=>2011-01-04 13:21:58 UTC,title=>Bp accepts blame,updated_at=>2011-02-03 04:47:27 UTC,id=>243,day=>16,quickload_header=>fp_16_04_02_,download_id=>239,download_type=>Pdf,upload_url=>http://s3.amazonaws.com/fullbridge-pdfs/fp_16_04_02_BP_Accepts_Blame.pdf,upload_file_name=>fp_16_04_02_BP_Accepts_Blame.pdf,upload_file_size=>176517,upload_content_type=>application/pdf,tags=>Day 8; Unit 16; Brand Vulnerability
created_at=>2011-01-04 13:21:58 UTC,title=>The case against goldman sachs,updated_at=>2011-02-03 04:47:27 UTC,id=>245,day=>16,quickload_header=>fp_16_04_02_,download_id=>241,download_type=>Pdf,upload_url=>http://s3.amazonaws.com/fullbridge-pdfs/fp_16_04_02_The_case_against_goldman_sachs.pdf,upload_file_name=>fp_16_04_02_The_case_against_goldman_sachs.pdf,upload_file_size=>124604,upload_content_type=>application/pdf,tags=>Day 8; Unit 16; Brand Vulnerability
created_at=>2011-01-04 14:41:17 UTC,title=>Strategy for sustainability chapter 1,updated_at=>2011-02-03 04:47:28 UTC,id=>282,day=>17,quickload_header=>fp_17_01_01_,download_id=>278,download_type=>Pdf,upload_url=>http://s3.amazonaws.com/fullbridge-pdfs/fp_17_01_01_Strategy_for_Sustainability_Chapter_1.pdf,upload_file_name=>fp_17_01_01_Strategy_for_Sustainability_Chapter_1.pdf,upload_file_size=>228132,upload_content_type=>application/pdf,tags=>Day 9; Unit 17; Sustainability > Green
created_at=>2011-01-04 14:41:17 UTC,title=>Strategy for sustainability seven tenets,updated_at=>2011-02-03 04:47:28 UTC,id=>283,day=>17,quickload_header=>fp_17_02_01_,download_id=>279,download_type=>Pdf,upload_url=>http://s3.amazonaws.com/fullbridge-pdfs/fp_17_02_01_Strategy_for_Sustainability_Seven_Tenets.pdf,upload_file_name=>fp_17_02_01_Strategy_for_Sustainability_Seven_Tenets.pdf,upload_file_size=>290636,upload_content_type=>application/pdf,tags=>Day 9; Unit 17; Building a Strategy for Sustainability
created_at=>2011-01-04 15:55:00 UTC,title=>Bloomberg li & fung,updated_at=>2011-02-03 04:47:36 UTC,id=>310,day=>2,quickload_header=>fp_02_01_02_,download_id=>306,download_type=>Pdf,upload_url=>http://s3.amazonaws.com/fullbridge-pdfs/fp_02_01_02_Bloomberg_Li_&_Fung.pdf,upload_file_name=>fp_02_01_02_Bloomberg_Li_&_Fung.pdf,upload_file_size=>84680,upload_content_type=>application/pdf,tags=>Day 1; Unit 2; Globalization in Practice; Collective Performance; Globalization In Practice
created_at=>2011-01-04 15:55:00 UTC,title=>Economist land of the setting sun,updated_at=>2011-02-03 04:47:28 UTC,id=>311,day=>2,quickload_header=>fp_02_02_01_,download_id=>307,download_type=>Pdf,upload_url=>http://s3.amazonaws.com/fullbridge-pdfs/fp_02_02_01_Economist_land_of_the_setting_sun.pdf,upload_file_name=>fp_02_02_01_Economist_land_of_the_setting_sun.pdf,upload_file_size=>107626,upload_content_type=>application/pdf,tags=>Day 1; Unit 2; Past Trends
created_at=>2011-01-04 18:11:40 UTC,title=>Li and fung,updated_at=>2011-02-03 04:47:28 UTC,id=>339,day=>2,quickload_header=>fp_02_03_02_,download_id=>335,download_type=>Pdf,upload_url=>http://s3.amazonaws.com/fullbridge-pdfs/fp_02_03_02_Li_and_Fung.pdf,upload_file_name=>fp_02_03_02_Li_and_Fung.pdf,upload_file_size=>669944,upload_content_type=>application/pdf,tags=>Day 1; Unit 2; A Global Story; Strategy as Story; A Global Story: Li and Fung
created_at=>2011-01-04 18:43:29 UTC,title=>Company factsheet,updated_at=>2011-02-03 04:47:28 UTC,id=>352,day=>2,quickload_header=>fp_02_04_01_,download_id=>1,download_type=>Doc,upload_url=>http://s3.amazonaws.com/fullbridge-docs/fp_02_04_01_COMPANY_FACTSHEET.doc,upload_file_name=>fp_02_04_01_COMPANY_FACTSHEET.doc,upload_file_size=>31232,upload_content_type=>application/msword,tags=>Day 1; Unit 2; Fullbridge Projects
created_at=>2011-01-05 14:03:13 UTC,title=>Starbucks international growth,updated_at=>2011-02-03 04:47:28 UTC,id=>379,day=>3,quickload_header=>fp_03_01_01_,download_id=>374,download_type=>Pdf,upload_url=>http://s3.amazonaws.com/fullbridge-pdfs/fp_03_01_01_Starbucks_International_Growth.pdf,upload_file_name=>fp_03_01_01_Starbucks_International_Growth.pdf,upload_file_size=>907022,upload_content_type=>application/pdf,tags=>Day 2; Unit 3; Starbucks Research
created_at=>2011-01-05 14:03:14 UTC,title=>Gantt chart in excel,updated_at=>2011-02-03 04:47:28 UTC,id=>387,day=>18,quickload_header=>fp_18_03_01_,download_id=>382,download_type=>Pdf,upload_url=>http://s3.amazonaws.com/fullbridge-pdfs/fp_18_03_01_Gantt+chart+in+Excel.pdf,upload_file_name=>fp_18_03_01_Gantt+chart+in+Excel.pdf,upload_file_size=>35122,upload_content_type=>application/pdf,tags=>Day 9; Unit 18; Managing Project Tasks
created_at=>2011-01-05 15:36:36 UTC,title=>American express model and brand,updated_at=>2011-02-03 04:47:28 UTC,id=>406,day=>19,quickload_header=>fp_19_01_01_,download_id=>401,download_type=>Pdf,upload_url=>http://s3.amazonaws.com/fullbridge-pdfs/fp_19_01_01_American+Express+Model+and+Brand.pdf,upload_file_name=>fp_19_01_01_American+Express+Model+and+Brand.pdf,upload_file_size=>38430,upload_content_type=>application/pdf,tags=>Day 10; Unit 19; Suggestions on Industry & Company Analysis
created_at=>2011-01-05 20:55:16 UTC,title=>Apple,updated_at=>2011-02-03 04:47:29 UTC,id=>427,day=>24,quickload_header=>fp_24_02_01_,download_id=>422,download_type=>Pdf,upload_url=>http://s3.amazonaws.com/fullbridge-pdfs/fp_24_02_01_apple.pdf,upload_file_name=>fp_24_02_01_apple.pdf,upload_file_size=>282054,upload_content_type=>application/pdf,tags=>Day 12; Unit 24; Growth Imperative
created_at=>2011-01-05 20:55:17 UTC,title=>Toyota,updated_at=>2011-02-03 04:47:29 UTC,id=>434,day=>24,quickload_header=>fp_24_03_02_,download_id=>429,download_type=>Pdf,upload_url=>http://s3.amazonaws.com/fullbridge-pdfs/fp_24_03_02_Toyota.pdf,upload_file_name=>fp_24_03_02_Toyota.pdf,upload_file_size=>1041418,upload_content_type=>application/pdf,tags=>Day 12; Unit 24; Margin Analysis
created_at=>2011-01-05 20:55:17 UTC,title=>Zara,updated_at=>2011-02-03 04:47:29 UTC,id=>435,day=>24,quickload_header=>fp_24_03_02_,download_id=>430,download_type=>Pdf,upload_url=>http://s3.amazonaws.com/fullbridge-pdfs/fp_24_03_02_Zara.pdf,upload_file_name=>fp_24_03_02_Zara.pdf,upload_file_size=>943694,upload_content_type=>application/pdf,tags=>Day 12; Unit 24; Margin Analysis
created_at=>2011-01-05 20:55:17 UTC,title=>Walmart,updated_at=>2011-02-03 04:47:29 UTC,id=>436,day=>24,quickload_header=>fp_24_03_02_,download_id=>431,download_type=>Pdf,upload_url=>http://s3.amazonaws.com/fullbridge-pdfs/fp_24_03_02_walmart.pdf,upload_file_name=>fp_24_03_02_walmart.pdf,upload_file_size=>554917,upload_content_type=>application/pdf,tags=>Day 12; Unit 24; Margin Analysis
created_at=>2011-01-06 14:09:25 UTC,title=>Apple,updated_at=>2011-02-03 04:47:30 UTC,id=>779,day=>25,quickload_header=>fp_25_02_03_,download_id=>772,download_type=>Pdf,upload_url=>http://s3.amazonaws.com/fullbridge-pdfs/fp_25_02_03_apple.pdf,upload_file_name=>fp_25_02_03_apple.pdf,upload_file_size=>282054,upload_content_type=>application/pdf,tags=>Day 13; Unit 25; Apple iPhone
created_at=>2011-01-06 20:32:25 UTC,title=>Apple,updated_at=>2011-02-03 04:47:31 UTC,id=>962,day=>26,quickload_header=>fp_26_02_04_,download_id=>952,download_type=>Pdf,upload_url=>http://s3.amazonaws.com/fullbridge-pdfs/fp_26_02_04_apple.pdf,upload_file_name=>fp_26_02_04_apple.pdf,upload_file_size=>282054,upload_content_type=>application/pdf,tags=>Day 13; Unit 26; iPhone vs. iPad
created_at=>2011-01-10 12:19:08 UTC,title=>Pink story,updated_at=>2011-02-03 04:47:32 UTC,id=>1031,day=>2,quickload_header=>fp_02_03_01_,download_id=>1016,download_type=>Pdf,upload_url=>http://s3.amazonaws.com/fullbridge-pdfs/fp_02_03_01_Pink_Story.pdf,upload_file_name=>fp_02_03_01_Pink_Story.pdf,upload_file_size=>2213407,upload_content_type=>application/pdf,tags=>Day 1; Unit 2; Knowing the Story; Knowing the Story
created_at=>2011-01-10 16:45:42 UTC,title=>Microsoft declares quarterly dividend,updated_at=>2011-02-03 04:47:32 UTC,id=>1070,day=>28,quickload_header=>fp_28_02_01_,download_id=>1055,download_type=>Pdf,upload_url=>http://s3.amazonaws.com/fullbridge-pdfs/fp_28_02_01_Microsoft_Declares_Quarterly_Dividend.pdf,upload_file_name=>fp_28_02_01_Microsoft_Declares_Quarterly_Dividend.pdf,upload_file_size=>139374,upload_content_type=>application/pdf,tags=>Day 14; Unit 28; Apple's Excess Cash
created_at=>2011-01-10 20:43:59 UTC,title=>Personal selling and sales management,updated_at=>2011-02-03 04:47:32 UTC,id=>1106,day=>15,quickload_header=>fp_15_02_01_,download_id=>1091,download_type=>Pdf,upload_url=>http://s3.amazonaws.com/fullbridge-pdfs/fp_15_02_01_Personal_Selling_and_Sales+Management.pdf,upload_file_name=>fp_15_02_01_Personal_Selling_and_Sales+Management.pdf,upload_file_size=>278382,upload_content_type=>application/pdf,tags=>Day 8; Unit 15; A New Approach to Sales
created_at=>2011-01-12 15:34:40 UTC,title=>Causes  and current state of crisis,updated_at=>2011-03-09 17:53:58 UTC,id=>1209,day=>,quickload_header=>fp_29_02_01_,download_id=>1194,download_type=>Pdf,upload_url=>http://s3.amazonaws.com/fullbridge-pdfs/fp_29_02_01_Causes_+and_current_state_of_crisis.pdf,upload_file_name=>fp_29_02_01_Causes_+and_current_state_of_crisis.pdf,upload_file_size=>148114,upload_content_type=>application/pdf,tags=>Day 8; ; Collapse of Trust
created_at=>2011-01-12 19:10:19 UTC,title=>Statementofcashflows threeexamples exercise,updated_at=>2011-02-03 04:47:33 UTC,id=>1247,day=>12,quickload_header=>fp_12_04_01_,download_id=>1232,download_type=>Pdf,upload_url=>http://s3.amazonaws.com/fullbridge-pdfs/fp_12_04_01_StatementOfCashFlows_ThreeExamples_Exercise.pdf,upload_file_name=>fp_12_04_01_StatementOfCashFlows_ThreeExamples_Exercise.pdf,upload_file_size=>137912,upload_content_type=>application/pdf,tags=>Day 6; Unit 12; Milestone Exercise
created_at=>2011-01-13 20:44:28 UTC,title=>Apple,updated_at=>2011-02-03 04:47:34 UTC,id=>1506,day=>24,quickload_header=>fp_24_02_02_,download_id=>1483,download_type=>Pdf,upload_url=>http://s3.amazonaws.com/fullbridge-pdfs/fp_24_02_02_apple.pdf,upload_file_name=>fp_24_02_02_apple.pdf,upload_file_size=>282054,upload_content_type=>application/pdf,tags=>Day 12; Unit 24; CAGR
created_at=>2011-01-14 18:52:06 UTC,title=>Strategy for sustainability star map,updated_at=>2011-02-03 04:47:35 UTC,id=>1566,day=>17,quickload_header=>fp_17_02_02_,download_id=>1541,download_type=>Pdf,upload_url=>http://s3.amazonaws.com/fullbridge-pdfs/fp_17_02_02_Strategy_for_Sustainability_STaR_map.pdf,upload_file_name=>fp_17_02_02_Strategy_for_Sustainability_STaR_map.pdf,upload_file_size=>277426,upload_content_type=>application/pdf,tags=>Day 9; Unit 17; Reactive and Proactive Strategy
created_at=>2011-01-14 19:08:01 UTC,title=>Strategy for sustainability chapter 4,updated_at=>2011-02-03 04:47:35 UTC,id=>1583,day=>17,quickload_header=>fp_17_04_01_,download_id=>1558,download_type=>Pdf,upload_url=>http://s3.amazonaws.com/fullbridge-pdfs/fp_17_04_01_Strategy_for_sustainability_chapter_4.pdf,upload_file_name=>fp_17_04_01_Strategy_for_sustainability_chapter_4.pdf,upload_file_size=>305244,upload_content_type=>application/pdf,tags=>Day 9; Unit 17; Reactive and Proactive Strategy
created_at=>2011-01-16 21:30:31 UTC,title=>Apple presents ipad,updated_at=>2011-02-03 04:47:35 UTC,id=>1709,day=>24,quickload_header=>fp_24_02_02_,download_id=>1684,download_type=>Pdf,upload_url=>http://s3.amazonaws.com/fullbridge-pdfs/fp_24_02_02_apple_presents_ipad.pdf,upload_file_name=>fp_24_02_02_apple_presents_ipad.pdf,upload_file_size=>98480,upload_content_type=>application/pdf,tags=>Day 12; Unit 24; CAGR
created_at=>2011-01-17 19:15:54 UTC,title=>Getting to plan b,updated_at=>2011-02-03 04:47:36 UTC,id=>1827,day=>10,quickload_header=>fp_10_02_01_,download_id=>1802,download_type=>Pdf,upload_url=>http://s3.amazonaws.com/fullbridge-pdfs/fp_10_02_01_getting+to+plan+b.pdf,upload_file_name=>fp_10_02_01_getting+to+plan+b.pdf,upload_file_size=>314934,upload_content_type=>application/pdf,tags=>Day 5; Unit 10; The Missing Piece
created_at=>2011-01-18 00:15:37 UTC,title=>Bbpstorytemplate2007,updated_at=>2011-02-03 04:47:37 UTC,id=>1906,day=>4,quickload_header=>fp_03_03_01_,download_id=>4,download_type=>Doc,upload_url=>http://s3.amazonaws.com/fullbridge-docs/fp_03_03_01_BBPStoryTemplate2007.doc,upload_file_name=>fp_03_03_01_BBPStoryTemplate2007.doc,upload_file_size=>55296,upload_content_type=>application/msword,tags=>Day 2; Unit 4; Writing History as a Team
created_at=>2011-01-18 16:23:41 UTC,title=>Hallsteadjewelers,updated_at=>2011-02-03 04:47:37 UTC,id=>1935,day=>14,quickload_header=>fp_14_01_01_,download_id=>1902,download_type=>Pdf,upload_url=>http://s3.amazonaws.com/fullbridge-pdfs/fp_14_01_01_HallsteadJewelers.pdf,upload_file_name=>fp_14_01_01_HallsteadJewelers.pdf,upload_file_size=>63603,upload_content_type=>application/pdf,tags=>Day 7; Unit 14; Setting Up the Model
created_at=>2011-01-18 22:19:29 UTC,title=>Behravesh,updated_at=>2011-02-03 04:47:37 UTC,id=>1965,day=>2,quickload_header=>fp_02_01_01_,download_id=>1932,download_type=>Pdf,upload_url=>http://s3.amazonaws.com/fullbridge-pdfs/fp_02_01_01_Behravesh.pdf,upload_file_name=>fp_02_01_01_Behravesh.pdf,upload_file_size=>237029,upload_content_type=>application/pdf,tags=>Day 1; Unit 2; Globalization 
created_at=>2011-01-19 05:23:54 UTC,title=>Holt brand icons,updated_at=>2011-02-03 04:47:37 UTC,id=>2037,day=>16,quickload_header=>fp_16_02_01_,download_id=>2004,download_type=>Pdf,upload_url=>http://s3.amazonaws.com/fullbridge-pdfs/fp_16_02_01_Holt_Brand_Icons.pdf,upload_file_name=>fp_16_02_01_Holt_Brand_Icons.pdf,upload_file_size=>164011,upload_content_type=>application/pdf,tags=>Day 8; Unit 16; Brand Elements
created_at=>2011-01-19 22:17:37 UTC,title=>Mckinsey article,updated_at=>2011-02-03 04:47:37 UTC,id=>2107,day=>27,quickload_header=>fp_27_04_02_,download_id=>2074,download_type=>Pdf,upload_url=>http://s3.amazonaws.com/fullbridge-pdfs/fp_27_04_02_Mckinsey_article.pdf,upload_file_name=>fp_27_04_02_Mckinsey_article.pdf,upload_file_size=>119256,upload_content_type=>application/pdf,tags=>Day 14; Unit 27; Enterprise Valuation Wrap
created_at=>2011-01-20 16:29:05 UTC,title=>Stewart four way win clean,updated_at=>2011-02-03 04:47:38 UTC,id=>2149,day=>38,quickload_header=>fp_38_02_03_,download_id=>2116,download_type=>Pdf,upload_url=>http://s3.amazonaws.com/fullbridge-pdfs/fp_38_02_03_Stewart_Four_Way_Win_clean.pdf,upload_file_name=>fp_38_02_03_Stewart_Four_Way_Win_clean.pdf,upload_file_size=>255283,upload_content_type=>application/pdf,tags=>Day 19; Unit 38; Evaluating Yourself
created_at=>2011-01-20 17:57:22 UTC,title=>Collis strategy,updated_at=>2011-03-16 17:17:53 UTC,id=>2172,day=>,quickload_header=>fp_39_04_02_,download_id=>2139,download_type=>Pdf,upload_url=>http://s3.amazonaws.com/fullbridge-pdfs/fp_39_04_02_Collis_Strategy.pdf,upload_file_name=>fp_39_04_02_Collis_Strategy.pdf,upload_file_size=>278804,upload_content_type=>application/pdf,tags=>Day 19; ; Strategy Going Forward
created_at=>2011-01-20 18:45:26 UTC,title=>How fast can your company afford,updated_at=>2011-02-03 04:47:39 UTC,id=>2193,day=>25,quickload_header=>fp_25_02_02_,download_id=>2160,download_type=>Pdf,upload_url=>http://s3.amazonaws.com/fullbridge-pdfs/fp_25_02_02_How_Fast_Can_Your_Company_Afford.pdf,upload_file_name=>fp_25_02_02_How_Fast_Can_Your_Company_Afford.pdf,upload_file_size=>440560,upload_content_type=>application/pdf,tags=>Day 13; Unit 25; Cash and Growth
created_at=>2011-01-20 18:45:27 UTC,title=>Wacc calculator,updated_at=>2011-02-03 04:47:38 UTC,id=>2196,day=>27,quickload_header=>fp_27_01_02_,download_id=>30,download_type=>Excel,upload_url=>http://s3.amazonaws.com/fullbridge-excels/fp_27_01_02_WACC+Calculator.xls,upload_file_name=>fp_27_01_02_WACC+Calculator.xls,upload_file_size=>34304,upload_content_type=>application/vnd.ms-excel,tags=>Day 14; Unit 27; Weighted Average Cost of Capital (WACC)
created_at=>2011-01-20 19:39:48 UTC,title=>Youtubegoogle article,updated_at=>2011-02-03 04:47:38 UTC,id=>2243,day=>27,quickload_header=>fp_27_03_01_,download_id=>2203,download_type=>Pdf,upload_url=>http://s3.amazonaws.com/fullbridge-pdfs/fp_27_03_01_YouTubeGoogle+Article.pdf,upload_file_name=>fp_27_03_01_YouTubeGoogle+Article.pdf,upload_file_size=>30645,upload_content_type=>application/pdf,tags=>Day 14; Unit 27; Alternatives
created_at=>2011-01-20 19:47:02 UTC,title=>Facebookmicrosoft article,updated_at=>2011-02-03 04:47:39 UTC,id=>2266,day=>27,quickload_header=>fp_27_03_01_,download_id=>2226,download_type=>Pdf,upload_url=>http://s3.amazonaws.com/fullbridge-pdfs/fp_27_03_01_FacebookMicrosoft+Article.pdf,upload_file_name=>fp_27_03_01_FacebookMicrosoft+Article.pdf,upload_file_size=>35795,upload_content_type=>application/pdf,tags=>Day 14; Unit 27; Alternatives
created_at=>2011-01-20 20:48:54 UTC,title=>Appleinc 2009,updated_at=>2011-02-03 04:47:39 UTC,id=>2317,day=>25,quickload_header=>fp_25_02_03_,download_id=>36,download_type=>Excel,upload_url=>http://s3.amazonaws.com/fullbridge-excels/fp_25_02_03_AppleInc+2009.xls,upload_file_name=>fp_25_02_03_AppleInc+2009.xls,upload_file_size=>54272,upload_content_type=>application/vnd.ms-excel,tags=>Day 13; Unit 25; Apple iPhone
created_at=>2011-01-21 23:11:50 UTC,title=>Drucker managing oneself,updated_at=>2011-02-03 04:47:39 UTC,id=>2355,day=>18,quickload_header=>fp_18_02_04_,download_id=>2314,download_type=>Pdf,upload_url=>http://s3.amazonaws.com/fullbridge-pdfs/fp_18_02_04_Drucker_managing_oneself.pdf,upload_file_name=>fp_18_02_04_Drucker_managing_oneself.pdf,upload_file_size=>202044,upload_content_type=>application/pdf,tags=>Day 9; Unit 18; Team Member Revisited
created_at=>2011-01-21 23:32:46 UTC,title=>Plan b intro and analogs,updated_at=>2011-02-03 04:47:39 UTC,id=>2371,day=>6,quickload_header=>fp_06_02_01_,download_id=>2330,download_type=>Pdf,upload_url=>http://s3.amazonaws.com/fullbridge-pdfs/fp_06_02_01_Plan_B_Intro_and_Analogs.pdf,upload_file_name=>fp_06_02_01_Plan_B_Intro_and_Analogs.pdf,upload_file_size=>554013,upload_content_type=>application/pdf,tags=>Day 3; Unit 6; Analogs and Antilogs
created_at=>2011-01-25 21:17:09 UTC,title=>Causes  and current state of crisis,updated_at=>2011-03-09 05:40:00 UTC,id=>2523,day=>,quickload_header=>fp_29_02_01_,download_id=>2482,download_type=>Pdf,upload_url=>http://s3.amazonaws.com/fullbridge-pdfs/fp_29_02_01_Causes_+and_current_state_of_crisis.pdf,upload_file_name=>fp_29_02_01_Causes_+and_current_state_of_crisis.pdf,upload_file_size=>148114,upload_content_type=>application/pdf,tags=>Day 3; ; Impact of the Crisis
created_at=>2011-02-01 14:37:40 UTC,title=>Friedman world is flat corrected,updated_at=>2011-02-03 04:47:40 UTC,id=>2525,day=>2,quickload_header=>fp_02_01_02_,download_id=>2484,download_type=>Pdf,upload_url=>http://s3.amazonaws.com/fullbridge-pdfs/fp_02_01_02_Friedman_World_Is_Flat_Corrected.pdf,upload_file_name=>fp_02_01_02_Friedman_World_Is_Flat_Corrected.pdf,upload_file_size=>171443,upload_content_type=>application/pdf,tags=>Day 1; Unit 2; Globalization in Practice; Collective Performance; Globalization In Practice
created_at=>2011-02-01 15:16:56 UTC,title=>Economist an imperfect storm corrected,updated_at=>2011-02-03 04:47:40 UTC,id=>2552,day=>2,quickload_header=>fp_02_02_02_,download_id=>2511,download_type=>Pdf,upload_url=>http://s3.amazonaws.com/fullbridge-pdfs/fp_02_02_02_economist_an_imperfect_storm_Corrected.pdf,upload_file_name=>fp_02_02_02_economist_an_imperfect_storm_Corrected.pdf,upload_file_size=>738029,upload_content_type=>application/pdf,tags=>Day 1; Unit 2; Contemporary Developments; Contemporary Developments
created_at=>2011-02-01 15:16:56 UTC,title=>Economist the dragon still roars corrected,updated_at=>2011-02-03 04:47:40 UTC,id=>2553,day=>2,quickload_header=>fp_02_02_02_,download_id=>2512,download_type=>Pdf,upload_url=>http://s3.amazonaws.com/fullbridge-pdfs/fp_02_02_02_economist_the_dragon_still_roars_Corrected.pdf,upload_file_name=>fp_02_02_02_economist_the_dragon_still_roars_Corrected.pdf,upload_file_size=>814753,upload_content_type=>application/pdf,tags=>Day 1; Unit 2; Contemporary Developments; Contemporary Developments
created_at=>2011-02-01 15:50:56 UTC,title=>Nytimes gm soars in china corrected,updated_at=>2011-02-03 04:47:41 UTC,id=>2660,day=>2,quickload_header=>fp_02_02_03_,download_id=>2619,download_type=>Pdf,upload_url=>http://s3.amazonaws.com/fullbridge-pdfs/fp_02_02_03_NYTIMES_GM_Soars_in_China_Corrected.pdf,upload_file_name=>fp_02_02_03_NYTIMES_GM_Soars_in_China_Corrected.pdf,upload_file_size=>608826,upload_content_type=>application/pdf,tags=>Day 1; Unit 2; Future Potential; Future Potential
created_at=>2011-02-03 15:04:01 UTC,title=>Senge discpline of teams abridged,updated_at=>2011-02-03 15:04:49 UTC,id=>2715,day=>,quickload_header=>fp_04_03_01_,download_id=>2674,download_type=>Pdf,upload_url=>http://s3.amazonaws.com/fullbridge-pdfs/fp_04_03_01_Senge_Discpline_of_Teams_Abridged.pdf,upload_file_name=>fp_04_03_01_Senge_Discpline_of_Teams_Abridged.pdf,upload_file_size=>152589,upload_content_type=>application/pdf,tags=>Day 1; ; The Science Behind Effective Teams
created_at=>2011-02-04 22:20:54 UTC,title=>Gladwell entrepreneurs corrected2,updated_at=>2011-02-04 22:21:48 UTC,id=>2962,day=>,quickload_header=>fp_06_01_03_,download_id=>2921,download_type=>Pdf,upload_url=>http://s3.amazonaws.com/fullbridge-pdfs/fp_06_01_03_gladwell_entrepreneurs_corrected2.pdf,upload_file_name=>fp_06_01_03_gladwell_entrepreneurs_corrected2.pdf,upload_file_size=>3063639,upload_content_type=>application/pdf,tags=>Day 1; ; Introduction
created_at=>2011-02-07 15:48:48 UTC,title=>Analogs blank framework,updated_at=>2011-02-07 16:07:09 UTC,id=>3043,day=>,quickload_header=>fp_06_02_03_,download_id=>6,download_type=>Doc,upload_url=>http://s3.amazonaws.com/fullbridge-docs/fp_06_02_03_analogs_blank_framework.doc,upload_file_name=>fp_06_02_03_analogs_blank_framework.doc,upload_file_size=>46592,upload_content_type=>application/msword,tags=>Day 1; ; Collaborate
created_at=>2011-02-08 15:05:56 UTC,title=>White space2,updated_at=>2011-02-08 15:07:07 UTC,id=>3079,day=>,quickload_header=>fp_07_01_02_,download_id=>3036,download_type=>Pdf,upload_url=>http://s3.amazonaws.com/fullbridge-pdfs/fp_07_01_02_white_space2.pdf,upload_file_name=>fp_07_01_02_white_space2.pdf,upload_file_size=>3917456,upload_content_type=>application/pdf,tags=>Day 1; ; Disruptive Innovation
created_at=>2011-02-09 02:05:09 UTC,title=>Login dirs new,updated_at=>2011-02-09 02:06:26 UTC,id=>3160,day=>,quickload_header=>,download_id=>3117,download_type=>Pdf,upload_url=>http://s3.amazonaws.com/fullbridge-pdfs/login_dirs_new.pdf,upload_file_name=>login_dirs_new.pdf,upload_file_size=>202830,upload_content_type=>application/pdf,tags=>Day 1; ; Introduction to the HBS Spreadsheet Modeling Tutorial
created_at=>2011-02-10 05:06:26 UTC,title=>Finance quick reference sheet,updated_at=>2011-02-10 05:07:33 UTC,id=>3200,day=>,quickload_header=>fp_09_01_03_,download_id=>3154,download_type=>Pdf,upload_url=>http://s3.amazonaws.com/fullbridge-pdfs/fp_09_01_03_Finance_Quick_Reference_Sheet.pdf,upload_file_name=>fp_09_01_03_Finance_Quick_Reference_Sheet.pdf,upload_file_size=>52686,upload_content_type=>application/pdf,tags=>Day 1; ; Bear Mountain Snowboards
created_at=>2011-02-10 14:14:40 UTC,title=>Blockbuster bleeding 2,updated_at=>2011-02-10 14:16:58 UTC,id=>3227,day=>,quickload_header=>fp_09_01_02_,download_id=>3181,download_type=>Pdf,upload_url=>http://s3.amazonaws.com/fullbridge-pdfs/fp_09_01_02_Blockbuster_bleeding_2.pdf,upload_file_name=>fp_09_01_02_Blockbuster_bleeding_2.pdf,upload_file_size=>1199875,upload_content_type=>application/pdf,tags=>Day 1; ; Business Setting
created_at=>2011-02-10 14:14:40 UTC,title=> snowboard outlook 1,updated_at=>2011-02-10 14:20:30 UTC,id=>3229,day=>,quickload_header=>fp_09_01_03_,download_id=>3183,download_type=>Pdf,upload_url=>http://s3.amazonaws.com/fullbridge-pdfs/fp_09_01_03_+Snowboard_Outlook_1.pdf,upload_file_name=>fp_09_01_03_+Snowboard_Outlook_1.pdf,upload_file_size=>1698734,upload_content_type=>application/pdf,tags=>Day 1; ; Bear Mountain Snowboards
created_at=>2011-02-10 14:47:02 UTC,title=>Hybrid snowboards 2,updated_at=>2011-02-10 14:48:42 UTC,id=>3265,day=>,quickload_header=>fp_10_04_01_,download_id=>3219,download_type=>Pdf,upload_url=>http://s3.amazonaws.com/fullbridge-pdfs/fp_10_04_01_Hybrid_Snowboards_2.pdf,upload_file_name=>fp_10_04_01_Hybrid_Snowboards_2.pdf,upload_file_size=>840220,upload_content_type=>application/pdf,tags=>Day 1; ; Looking Outside
created_at=>2011-02-10 14:47:02 UTC,title=>Can bp image survive 2,updated_at=>2011-02-10 14:51:01 UTC,id=>3268,day=>,quickload_header=>fp_16_04_02_,download_id=>3222,download_type=>Pdf,upload_url=>http://s3.amazonaws.com/fullbridge-pdfs/fp_16_04_02_Can_BP_Image_Survive_2.pdf,upload_file_name=>fp_16_04_02_Can_BP_Image_Survive_2.pdf,upload_file_size=>139095,upload_content_type=>application/pdf,tags=>Day 1; ; Brand Vulnerability
created_at=>2011-02-14 04:23:09 UTC,title=>Bear mountain financial projection,updated_at=>2011-02-14 04:24:53 UTC,id=>3372,day=>,quickload_header=>fp_11_03_02_,download_id=>42,download_type=>Excel,upload_url=>http://s3.amazonaws.com/fullbridge-excels/fp_11_03_02_Bear+Mountain+Financial+Projection.xls,upload_file_name=>fp_11_03_02_Bear+Mountain+Financial+Projection.xls,upload_file_size=>60416,upload_content_type=>application/vnd.ms-excel,tags=>Day 1; ; Building Financial Projections
created_at=>2011-02-16 22:28:30 UTC,title=>Brand and branding excerpt1,updated_at=>2011-02-16 22:31:43 UTC,id=>3417,day=>,quickload_header=>fp_16_01_02_,download_id=>3368,download_type=>Pdf,upload_url=>http://s3.amazonaws.com/fullbridge-pdfs/fp_16_01_02_Brand_and_Branding_Excerpt1.pdf,upload_file_name=>fp_16_01_02_Brand_and_Branding_Excerpt1.pdf,upload_file_size=>161728,upload_content_type=>application/pdf,tags=>Day 1; ; Brand Contribution to Asset Value
created_at=>2011-02-16 22:28:30 UTC,title=>Fisk on branding,updated_at=>2011-02-16 22:43:23 UTC,id=>3418,day=>,quickload_header=>fp_16_02_01_,download_id=>3369,download_type=>Pdf,upload_url=>http://s3.amazonaws.com/fullbridge-pdfs/fp_16_02_01_Fisk_on_Branding.pdf,upload_file_name=>fp_16_02_01_Fisk_on_Branding.pdf,upload_file_size=>339692,upload_content_type=>application/pdf,tags=>Day 1; ; Brand Elements
created_at=>2011-02-18 20:39:36 UTC,title=>Get to yes 10 to 14,updated_at=>2011-02-18 20:40:57 UTC,id=>3550,day=>,quickload_header=>fp_17_03_03_,download_id=>3501,download_type=>Pdf,upload_url=>http://s3.amazonaws.com/fullbridge-pdfs/fp_17_03_03_Get+to+yes+10+to+14.pdf,upload_file_name=>fp_17_03_03_Get+to+yes+10+to+14.pdf,upload_file_size=>101738,upload_content_type=>application/pdf,tags=>Day 1; ; Managing Team Conflict
created_at=>2011-02-21 04:02:36 UTC,title=>Boeing chooses sc,updated_at=>2011-02-21 04:04:08 UTC,id=>3619,day=>,quickload_header=>fp_17_01_03_,download_id=>3570,download_type=>Pdf,upload_url=>http://s3.amazonaws.com/fullbridge-pdfs/fp_17_01_03_boeing+chooses+SC.pdf,upload_file_name=>fp_17_01_03_boeing+chooses+SC.pdf,upload_file_size=>555336,upload_content_type=>application/pdf,tags=>Day 1; ; Team Development
created_at=>2011-02-21 04:02:36 UTC,title=>Team project outline,updated_at=>2011-02-21 04:11:44 UTC,id=>3625,day=>,quickload_header=>fp_17_04_01_,download_id=>3576,download_type=>Pdf,upload_url=>http://s3.amazonaws.com/fullbridge-pdfs/fp_17_04_01_Team+Project+Outline.pdf,upload_file_name=>fp_17_04_01_Team+Project+Outline.pdf,upload_file_size=>130260,upload_content_type=>application/pdf,tags=>Day 1; ; The Fullbridge Team Project; Project Initiation
created_at=>2011-02-21 04:02:36 UTC,title=>Team norms,updated_at=>2011-02-21 04:12:34 UTC,id=>3626,day=>,quickload_header=>fp_17_04_01_,download_id=>3577,download_type=>Pdf,upload_url=>http://s3.amazonaws.com/fullbridge-pdfs/fp_17_04_01_Team_Norms.pdf,upload_file_name=>fp_17_04_01_Team_Norms.pdf,upload_file_size=>82967,upload_content_type=>application/pdf,tags=>Day 1; ; The Fullbridge Team Project
created_at=>2011-02-21 16:06:59 UTC,title=>Intro to project managment 2,updated_at=>2011-02-21 16:08:32 UTC,id=>3657,day=>,quickload_header=>fp_17_01_01_,download_id=>3608,download_type=>Pdf,upload_url=>http://s3.amazonaws.com/fullbridge-pdfs/fp_17_01_01_intro+to+project+managment+2.pdf,upload_file_name=>fp_17_01_01_intro+to+project+managment+2.pdf,upload_file_size=>91027,upload_content_type=>application/pdf,tags=>Day 1; ; Introduction to Project Management
created_at=>2011-02-21 16:06:59 UTC,title=>Roberts 2,updated_at=>2011-02-21 20:38:47 UTC,id=>3663,day=>,quickload_header=>fp_17_03_04_,download_id=>3614,download_type=>Pdf,upload_url=>http://s3.amazonaws.com/fullbridge-pdfs/fp_17_03_04_Roberts+2.pdf,upload_file_name=>fp_17_03_04_Roberts+2.pdf,upload_file_size=>1583109,upload_content_type=>application/pdf,tags=>Day 1; ; Managing Stakeholders
created_at=>2011-02-22 00:01:29 UTC,title=>Seeking alpha best,updated_at=>2011-02-22 00:02:51 UTC,id=>3698,day=>,quickload_header=>fp_17_01_03_,download_id=>3649,download_type=>Pdf,upload_url=>http://s3.amazonaws.com/fullbridge-pdfs/fp_17_01_03_Seeking_Alpha_best.pdf,upload_file_name=>fp_17_01_03_Seeking_Alpha_best.pdf,upload_file_size=>310968,upload_content_type=>application/pdf,tags=>Day 1; ; Project Life Cycle
created_at=>2011-02-22 00:43:10 UTC,title=>Tangles of airbus final 2,updated_at=>2011-02-22 00:44:01 UTC,id=>3739,day=>,quickload_header=>fp_17_01_03_,download_id=>3690,download_type=>Pdf,upload_url=>http://s3.amazonaws.com/fullbridge-pdfs/fp_17_01_03_Tangles+of+Airbus+final+2.pdf,upload_file_name=>fp_17_01_03_Tangles+of+Airbus+final+2.pdf,upload_file_size=>79551,upload_content_type=>application/pdf,tags=>Day 1; ; Team Development
created_at=>2011-02-22 05:44:08 UTC,title=>Project narrative,updated_at=>2011-02-22 05:48:55 UTC,id=>3789,day=>,quickload_header=>fp_18_01_03_,download_id=>3740,download_type=>Pdf,upload_url=>http://s3.amazonaws.com/fullbridge-pdfs/fp_18_01_03_Project_Narrative.pdf,upload_file_name=>fp_18_01_03_Project_Narrative.pdf,upload_file_size=>217693,upload_content_type=>application/pdf,tags=>Day 1; ; Suggestions on Industry & Company Analysis
created_at=>2011-02-22 20:35:37 UTC,title=>Team leader tasks chart,updated_at=>2011-02-22 20:37:12 UTC,id=>3832,day=>,quickload_header=>fp_18_01_02_,download_id=>3783,download_type=>Pdf,upload_url=>http://s3.amazonaws.com/fullbridge-pdfs/fp_18_01_02_team_leader_tasks_chart.pdf,upload_file_name=>fp_18_01_02_team_leader_tasks_chart.pdf,upload_file_size=>116516,upload_content_type=>application/pdf,tags=>Day 1; ; Suggestions on Team Structure
created_at=>2011-02-22 21:30:45 UTC,title=>Linear air best,updated_at=>2011-02-22 21:32:15 UTC,id=>4039,day=>,quickload_header=>fp_18_01_03_,download_id=>3990,download_type=>Pdf,upload_url=>http://s3.amazonaws.com/fullbridge-pdfs/fp_18_01_03_Linear_Air_best.pdf,upload_file_name=>fp_18_01_03_Linear_Air_best.pdf,upload_file_size=>859692,upload_content_type=>application/pdf,tags=>Day 1; ; Suggestions on Industry & Company Analysis
created_at=>2011-02-22 22:41:14 UTC,title=>Art of innovation 6 7,updated_at=>2011-02-22 22:44:58 UTC,id=>4085,day=>,quickload_header=>fp_19_01_02_,download_id=>4036,download_type=>Pdf,upload_url=>http://s3.amazonaws.com/fullbridge-pdfs/fp_19_01_02_Art_of_Innovation_6_7.pdf,upload_file_name=>fp_19_01_02_Art_of_Innovation_6_7.pdf,upload_file_size=>71320,upload_content_type=>application/pdf,tags=>Day 1; ; Secondary Research
created_at=>2011-02-22 22:41:14 UTC,title=>Art of innovation 39 51,updated_at=>2011-02-22 22:44:23 UTC,id=>4086,day=>,quickload_header=>fp_19_01_03_,download_id=>4037,download_type=>Pdf,upload_url=>http://s3.amazonaws.com/fullbridge-pdfs/fp_19_01_03_Art_of_Innovation_39_51.pdf,upload_file_name=>fp_19_01_03_Art_of_Innovation_39_51.pdf,upload_file_size=>107596,upload_content_type=>application/pdf,tags=>Day 1; ; Primary Research
created_at=>2011-02-24 17:40:13 UTC,title=>Art of innovation 56 to 66,updated_at=>2011-02-24 17:41:07 UTC,id=>4390,day=>,quickload_header=>fp_19_01_04_,download_id=>4341,download_type=>Pdf,upload_url=>http://s3.amazonaws.com/fullbridge-pdfs/fp_19_01_04_Art_of+Innovation_56_to_66.pdf,upload_file_name=>fp_19_01_04_Art_of+Innovation_56_to_66.pdf,upload_file_size=>107137,upload_content_type=>application/pdf,tags=>Day 1; ; Brainstorming
created_at=>2011-02-24 22:11:21 UTC,title=>Amex market segment report2,updated_at=>2011-02-24 22:12:14 UTC,id=>4485,day=>,quickload_header=>fp_20_01_02_,download_id=>4434,download_type=>Pdf,upload_url=>http://s3.amazonaws.com/fullbridge-pdfs/fp_20_01_02_AmEx_Market_Segment_Report2.pdf,upload_file_name=>fp_20_01_02_AmEx_Market_Segment_Report2.pdf,upload_file_size=>143845,upload_content_type=>application/pdf,tags=>Day 1; ; To Build or not to Build; To Buy or Not to Buy; Final Group Design
created_at=>2011-02-25 22:22:46 UTC,title=>Excel shortcuts mac,updated_at=>2011-02-28 04:41:30 UTC,id=>4533,day=>,quickload_header=>fp_21_02_01_,download_id=>4481,download_type=>Pdf,upload_url=>http://s3.amazonaws.com/fullbridge-pdfs/fp_21_02_01_Excel_Shortcuts_Mac.pdf,upload_file_name=>fp_21_02_01_Excel_Shortcuts_Mac.pdf,upload_file_size=>72748,upload_content_type=>application/pdf,tags=>Day 1; ; Useful Excel Functions
created_at=>2011-02-25 22:22:47 UTC,title=>Case study restaurant scenario,updated_at=>2011-02-27 05:39:04 UTC,id=>4543,day=>,quickload_header=>fp_33_01_01_,download_id=>4491,download_type=>Pdf,upload_url=>http://s3.amazonaws.com/fullbridge-pdfs/fp_33_01_01_case_study_restaurant_scenario.pdf,upload_file_name=>fp_33_01_01_case_study_restaurant_scenario.pdf,upload_file_size=>373864,upload_content_type=>application/pdf,tags=>Day 1; ; Introduction
created_at=>2011-02-26 22:53:10 UTC,title=>Amazon shareholder letter,updated_at=>2011-02-26 23:07:41 UTC,id=>4676,day=>,quickload_header=>fp_22_01_02_,download_id=>4621,download_type=>Pdf,upload_url=>http://s3.amazonaws.com/fullbridge-pdfs/fp_22_01_02_Amazon_Shareholder_Letter.pdf,upload_file_name=>fp_22_01_02_Amazon_Shareholder_Letter.pdf,upload_file_size=>70008,upload_content_type=>application/pdf,tags=>Day 1; ; Suggestions on Forecasting Build Cash Flows
created_at=>2011-02-28 04:45:53 UTC,title=>Excel shortcuts for pc2,updated_at=>2011-02-28 04:58:05 UTC,id=>4787,day=>,quickload_header=>fp_21_01_02_,download_id=>4718,download_type=>Pdf,upload_url=>http://s3.amazonaws.com/fullbridge-pdfs/fp_21_01_02_Excel_ShortCuts_for_PC2.pdf,upload_file_name=>fp_21_01_02_Excel_ShortCuts_for_PC2.pdf,upload_file_size=>206287,upload_content_type=>application/pdf,tags=>Day 1; ; Useful Excel Functions
created_at=>2011-02-28 05:22:05 UTC,title=>Iphone npv exercise mr,updated_at=>2011-02-28 05:24:35 UTC,id=>4899,day=>,quickload_header=>fp_25_02_02_,download_id=>57,download_type=>Excel,upload_url=>http://s3.amazonaws.com/fullbridge-excels/fp_25_02_02_iPhone_NPV_Exercise_MR.xls,upload_file_name=>fp_25_02_02_iPhone_NPV_Exercise_MR.xls,upload_file_size=>36352,upload_content_type=>application/vnd.ms-excel,tags=>Day 1; ; Net Present Value
created_at=>2011-02-28 05:22:06 UTC,title=>Iphone npv perpetuity exercisemr,updated_at=>2011-02-28 05:25:07 UTC,id=>4900,day=>,quickload_header=>fp_25_02_03_,download_id=>58,download_type=>Excel,upload_url=>http://s3.amazonaws.com/fullbridge-excels/fp_25_02_03_iPhone_NPV_Perpetuity_ExerciseMR.xls,upload_file_name=>fp_25_02_03_iPhone_NPV_Perpetuity_ExerciseMR.xls,upload_file_size=>35328,upload_content_type=>application/vnd.ms-excel,tags=>Day 1; ; Perpetuities
created_at=>2011-02-28 05:22:06 UTC,title=>Ipad npv exercise mr,updated_at=>2011-02-28 05:26:09 UTC,id=>4901,day=>,quickload_header=>fp_25_02_04_,download_id=>59,download_type=>Excel,upload_url=>http://s3.amazonaws.com/fullbridge-excels/fp_25_02_04_iPad_NPV_Exercise_MR.xls,upload_file_name=>fp_25_02_04_iPad_NPV_Exercise_MR.xls,upload_file_size=>45056,upload_content_type=>application/vnd.ms-excel,tags=>Day 1; ; iPhone vs. iPad
created_at=>2011-02-28 05:22:06 UTC,title=>Irr payback exercise mr,updated_at=>2011-02-28 05:27:58 UTC,id=>4902,day=>,quickload_header=>fp_25_03_02_,download_id=>60,download_type=>Excel,upload_url=>http://s3.amazonaws.com/fullbridge-excels/fp_25_03_02_IRR_Payback_Exercise_MR.xls,upload_file_name=>fp_25_03_02_IRR_Payback_Exercise_MR.xls,upload_file_size=>45056,upload_content_type=>application/vnd.ms-excel,tags=>Day 1; ; iPhone vs. iPad Valuation
created_at=>2011-02-28 19:15:52 UTC,title=>Updated apple cagr exercise,updated_at=>2011-02-28 19:41:34 UTC,id=>5148,day=>,quickload_header=>fp_23_02_03_,download_id=>61,download_type=>Excel,upload_url=>http://s3.amazonaws.com/fullbridge-excels/Updated+fp_23_02_03_Apple_CAGR_Exercise.xls,upload_file_name=>Updated+fp_23_02_03_Apple_CAGR_Exercise.xls,upload_file_size=>32256,upload_content_type=>application/vnd.ms-excel,tags=>Day 1; ; Apple and the iPod
created_at=>2011-02-28 23:14:32 UTC,title=>Updated apple segments,updated_at=>2011-02-28 23:22:52 UTC,id=>5198,day=>,quickload_header=>fp_24_04_02_,download_id=>62,download_type=>Excel,upload_url=>http://s3.amazonaws.com/fullbridge-excels/fp_24_04_02_Updated_Apple+segments.xls,upload_file_name=>fp_24_04_02_Updated_Apple+segments.xls,upload_file_size=>49664,upload_content_type=>application/vnd.ms-excel,tags=>Day 1; ; Fresh Apples
created_at=>2011-03-01 15:36:25 UTC,title=>Build analysis narrative best,updated_at=>2011-03-01 15:38:44 UTC,id=>5388,day=>,quickload_header=>fp_22_01_02_,download_id=>5299,download_type=>Pdf,upload_url=>http://s3.amazonaws.com/fullbridge-pdfs/fp_22_01_02_Build+Analysis+Narrative_best.pdf,upload_file_name=>fp_22_01_02_Build+Analysis+Narrative_best.pdf,upload_file_size=>709281,upload_content_type=>application/pdf,tags=>Day 1; ; Suggestions on Forecasting Build Cash Flows
created_at=>2011-03-01 18:23:55 UTC,title=>Airtaxi build scenario2 amended,updated_at=>2011-03-01 18:27:11 UTC,id=>5753,day=>,quickload_header=>fp_22_01_02_,download_id=>64,download_type=>Excel,upload_url=>http://s3.amazonaws.com/fullbridge-excels/fp_22_01_02_AirTaxi_Build_Scenario2_Amended.xls,upload_file_name=>fp_22_01_02_AirTaxi_Build_Scenario2_Amended.xls,upload_file_size=>95232,upload_content_type=>application/vnd.ms-excel,tags=>Day 1; ; Suggestions on Forecasting Build Cash Flows
created_at=>2011-03-02 19:01:08 UTC,title=>Consolidated statements of cash flows,updated_at=>2011-03-02 19:11:09 UTC,id=>5897,day=>,quickload_header=>fp_24_01_01_,download_id=>5797,download_type=>Pdf,upload_url=>http://s3.amazonaws.com/fullbridge-pdfs/fp_24_01_01_consolidated_statements_of_cash_flows.pdf,upload_file_name=>fp_24_01_01_consolidated_statements_of_cash_flows.pdf,upload_file_size=>402263,upload_content_type=>application/pdf,tags=>Day 1; ; Cash Flow Reviews
created_at=>2011-03-02 22:07:58 UTC,title=>Debt spreadsheet,updated_at=>2011-03-02 22:11:08 UTC,id=>6012,day=>,quickload_header=>fp_26_02_03_,download_id=>67,download_type=>Excel,upload_url=>http://s3.amazonaws.com/fullbridge-excels/fp_26_02_03_Debt+Spreadsheet.xls,upload_file_name=>fp_26_02_03_Debt+Spreadsheet.xls,upload_file_size=>24064,upload_content_type=>application/vnd.ms-excel,tags=>Day 1; ; Cost of Debt
created_at=>2011-03-03 23:19:26 UTC,title=>Wacc calculator 4,updated_at=>2011-03-03 23:20:39 UTC,id=>6167,day=>,quickload_header=>fp_26_02_03_,download_id=>69,download_type=>Excel,upload_url=>http://s3.amazonaws.com/fullbridge-excels/fp_26_02_03_WACC_Calculator_4.xls,upload_file_name=>fp_26_02_03_WACC_Calculator_4.xls,upload_file_size=>39424,upload_content_type=>application/vnd.ms-excel,tags=>Day 1; ; Cost of Equity
created_at=>2011-03-07 13:18:14 UTC,title=>Enterprise value dcf mr,updated_at=>2011-03-07 13:20:31 UTC,id=>6271,day=>,quickload_header=>fp_26_03_01_,download_id=>71,download_type=>Excel,upload_url=>http://s3.amazonaws.com/fullbridge-excels/fp_26_03_01_Enterprise_Value_DCF_MR.xls,upload_file_name=>fp_26_03_01_Enterprise_Value_DCF_MR.xls,upload_file_size=>31232,upload_content_type=>application/vnd.ms-excel,tags=>Day 1; ; Discounted Cash Flows Example
created_at=>2011-03-07 15:04:45 UTC,title=>Cash flow risk premium updated,updated_at=>2011-03-07 15:05:35 UTC,id=>6323,day=>,quickload_header=>fp_26_01_03_,download_id=>72,download_type=>Excel,upload_url=>http://s3.amazonaws.com/fullbridge-excels/fp_26_01_03_Cash_Flow_Risk_Premium_Updated.xls,upload_file_name=>fp_26_01_03_Cash_Flow_Risk_Premium_Updated.xls,upload_file_size=>20992,upload_content_type=>application/vnd.ms-excel,tags=>Day 1; ; Quantifying Risk
created_at=>2011-03-07 18:21:03 UTC,title=>Apple multiples exercise,updated_at=>2011-03-07 18:22:15 UTC,id=>6479,day=>,quickload_header=>fp_27_03_01_,download_id=>73,download_type=>Excel,upload_url=>http://s3.amazonaws.com/fullbridge-excels/fp_27_03_01_Apple_Multiples_Exercise.xls,upload_file_name=>fp_27_03_01_Apple_Multiples_Exercise.xls,upload_file_size=>43520,upload_content_type=>application/vnd.ms-excel,tags=>Day 1; ; Apple's Multiples
created_at=>2011-03-07 22:52:22 UTC,title=>Aoltimewarner article,updated_at=>2011-03-07 22:54:47 UTC,id=>6527,day=>,quickload_header=>fp_27_01_01_,download_id=>6406,download_type=>Pdf,upload_url=>http://s3.amazonaws.com/fullbridge-pdfs/fp_27_01_01_AOLTimeWarner+Article.pdf,upload_file_name=>fp_27_01_01_AOLTimeWarner+Article.pdf,upload_file_size=>53091,upload_content_type=>application/pdf,tags=>Day 1; ; Alternatives
created_at=>2011-03-09 04:52:27 UTC,title=>Nyt financial crisis inquiry,updated_at=>2011-03-09 04:53:35 UTC,id=>6584,day=>,quickload_header=>fp_29_04_01_,download_id=>6462,download_type=>Pdf,upload_url=>http://s3.amazonaws.com/fullbridge-pdfs/fp_29_04_01_NYT_Financial_Crisis_Inquiry.pdf,upload_file_name=>fp_29_04_01_NYT_Financial_Crisis_Inquiry.pdf,upload_file_size=>133970,upload_content_type=>application/pdf,tags=>Day 1; ; Milestone Exercise
created_at=>2011-03-09 14:50:52 UTC,title=>A visual guide to crisis,updated_at=>2011-03-09 14:53:04 UTC,id=>6636,day=>,quickload_header=>fp_29_02_01_,download_id=>6513,download_type=>Pdf,upload_url=>http://s3.amazonaws.com/fullbridge-pdfs/fp_29_02_01_A_visual_Guide_to_crisis.pdf,upload_file_name=>fp_29_02_01_A_visual_Guide_to_crisis.pdf,upload_file_size=>1014884,upload_content_type=>application/pdf,tags=>Day 1; ; Excess Liquidity
created_at=>2011-03-10 14:58:46 UTC,title=>Prospectus to zappos shareholders excerpt,updated_at=>2011-03-10 15:02:17 UTC,id=>6691,day=>,quickload_header=>fp_30_01_03_,download_id=>6567,download_type=>Pdf,upload_url=>http://s3.amazonaws.com/fullbridge-pdfs/fp_30_01_03_Prospectus+to+Zappos+Shareholders_excerpt.pdf,upload_file_name=>fp_30_01_03_Prospectus+to+Zappos+Shareholders_excerpt.pdf,upload_file_size=>79444,upload_content_type=>application/pdf,tags=>Day 1; ; Suggestions on Integrating an Acquisition
created_at=>2011-03-10 22:44:56 UTC,title=> fullbridge latimes atkinson powerpoint,updated_at=>2011-03-10 22:47:43 UTC,id=>6850,day=>,quickload_header=>fp_33_01_01_,download_id=>6724,download_type=>Pdf,upload_url=>http://s3.amazonaws.com/fullbridge-pdfs/fp_33_01_01_+Fullbridge_LAtimes_Atkinson_PowerPoint.pdf,upload_file_name=>fp_33_01_01_+Fullbridge_LAtimes_Atkinson_PowerPoint.pdf,upload_file_size=>152411,upload_content_type=>application/pdf,tags=>Day 1; ; Introduction
created_at=>2011-03-10 23:49:17 UTC,title=>Airtaxi buy scenario,updated_at=>2011-03-10 23:53:50 UTC,id=>6905,day=>,quickload_header=>fp_30_01_02_,download_id=>6778,download_type=>Pdf,upload_url=>http://s3.amazonaws.com/fullbridge-pdfs/fp_30_01_02_AirTaxi+Buy+Scenario.pdf,upload_file_name=>fp_30_01_02_AirTaxi+Buy+Scenario.pdf,upload_file_size=>328687,upload_content_type=>application/pdf,tags=>Day 1; ; Suggestions on Forecasting Buy Cash Flows
created_at=>2011-03-11 14:35:51 UTC,title=>Airtaxi buy scenario,updated_at=>2011-03-11 14:36:47 UTC,id=>6964,day=>,quickload_header=>fp_30_01_02_,download_id=>75,download_type=>Excel,upload_url=>http://s3.amazonaws.com/fullbridge-excels/fp_30_01_02_AirTaxi+Buy+Scenario.xls,upload_file_name=>fp_30_01_02_AirTaxi+Buy+Scenario.xls,upload_file_size=>68608,upload_content_type=>application/vnd.ms-excel,tags=>Day 1; ; Suggestions on Forecasting Buy Cash Flows
created_at=>2011-03-14 14:38:31 UTC,title=>Data table practice 2,updated_at=>2011-03-14 14:39:18 UTC,id=>7076,day=>,quickload_header=>fp_31_01_02_,download_id=>6944,download_type=>Pdf,upload_url=>http://s3.amazonaws.com/fullbridge-pdfs/fp_31_01_02_Data_Table_Practice_2.pdf,upload_file_name=>fp_31_01_02_Data_Table_Practice_2.pdf,upload_file_size=>60879,upload_content_type=>application/pdf,tags=>Day 1; ; Data Table Practice
created_at=>2011-03-15 00:26:59 UTC,title=>Airtaxi sensitivity analysis,updated_at=>2011-03-15 00:29:35 UTC,id=>7189,day=>,quickload_header=>fp_32_01_02_,download_id=>76,download_type=>Excel,upload_url=>http://s3.amazonaws.com/fullbridge-excels/fp_32_01_02_AirTaxi+Sensitivity+Analysis.xls,upload_file_name=>fp_32_01_02_AirTaxi+Sensitivity+Analysis.xls,upload_file_size=>14336,upload_content_type=>application/vnd.ms-excel,tags=>Day 1; ; Suggestions on Addressing Trade-offs
created_at=>2011-03-15 14:06:42 UTC,title=>Goldsmith one,updated_at=>2011-03-21 14:37:57 UTC,id=>7245,day=>,quickload_header=>fp_38_01_01_,download_id=>7109,download_type=>Pdf,upload_url=>http://s3.amazonaws.com/fullbridge-pdfs/fp_38_01_01_Goldsmith_one.pdf,upload_file_name=>fp_38_01_01_Goldsmith_one.pdf,upload_file_size=>51505,upload_content_type=>application/pdf,tags=>Day 1; ; Reputation
created_at=>2011-03-15 14:06:42 UTC,title=>Goldsmith discussing coworkers,updated_at=>2011-03-21 15:14:05 UTC,id=>7246,day=>,quickload_header=>fp_38_01_02_,download_id=>7110,download_type=>Pdf,upload_url=>http://s3.amazonaws.com/fullbridge-pdfs/fp_38_01_02_Goldsmith_Discussing_Coworkers.pdf,upload_file_name=>fp_38_01_02_Goldsmith_Discussing_Coworkers.pdf,upload_file_size=>45124,upload_content_type=>application/pdf,tags=>Day 1; ; Relationships and Integrity
created_at=>2011-03-15 14:06:42 UTC,title=>Goldsmith influencing your boss,updated_at=>2011-03-21 14:38:47 UTC,id=>7247,day=>,quickload_header=>fp_38_01_02_,download_id=>7111,download_type=>Pdf,upload_url=>http://s3.amazonaws.com/fullbridge-pdfs/fp_38_01_02_Goldsmith_Influencing_Your_Boss.pdf,upload_file_name=>fp_38_01_02_Goldsmith_Influencing_Your_Boss.pdf,upload_file_size=>57282,upload_content_type=>application/pdf,tags=>Day 1; ; Relationships and Integrity
created_at=>2011-03-15 14:06:42 UTC,title=>Moussa credibility,updated_at=>2011-03-21 14:39:26 UTC,id=>7248,day=>,quickload_header=>fp_38_02_01_,download_id=>7112,download_type=>Pdf,upload_url=>http://s3.amazonaws.com/fullbridge-pdfs/fp_38_02_01_Moussa_Credibility.pdf,upload_file_name=>fp_38_02_01_Moussa_Credibility.pdf,upload_file_size=>159121,upload_content_type=>application/pdf,tags=>Day 1; ; Credibility
created_at=>2011-03-15 14:06:42 UTC,title=>Shell moussa part one,updated_at=>2011-03-21 14:40:10 UTC,id=>7249,day=>,quickload_header=>fp_38_03_01_,download_id=>7113,download_type=>Pdf,upload_url=>http://s3.amazonaws.com/fullbridge-pdfs/fp_38_03_01_Shell_Moussa_Part_One.pdf,upload_file_name=>fp_38_03_01_Shell_Moussa_Part_One.pdf,upload_file_size=>154076,upload_content_type=>application/pdf,tags=>Day 1; ; Difficult Communication
created_at=>2011-03-15 14:06:42 UTC,title=>Shell moussa part one appendix,updated_at=>2011-03-21 14:41:01 UTC,id=>7250,day=>,quickload_header=>fp_38_03_01_,download_id=>7114,download_type=>Pdf,upload_url=>http://s3.amazonaws.com/fullbridge-pdfs/fp_38_03_01_Shell_Moussa_Part_One_Appendix.pdf,upload_file_name=>fp_38_03_01_Shell_Moussa_Part_One_Appendix.pdf,upload_file_size=>131854,upload_content_type=>application/pdf,tags=>Day 1; ; Difficult Communication
created_at=>2011-03-16 20:37:17 UTC,title=>Envisioning information,updated_at=>2011-03-16 23:08:22 UTC,id=>7308,day=>,quickload_header=>fp_34_,download_id=>7170,download_type=>Pdf,upload_url=>http://s3.amazonaws.com/fullbridge-pdfs/fp_34_envisioning_information.pdf,upload_file_name=>fp_34_envisioning_information.pdf,upload_file_size=>7122218,upload_content_type=>application/pdf,tags=>Day 1; ; Impactful Visuals and Graphs
created_at=>2011-03-16 20:37:17 UTC,title=>Information design,updated_at=>2011-03-16 23:19:02 UTC,id=>7309,day=>,quickload_header=>fp_34_,download_id=>7171,download_type=>Pdf,upload_url=>http://s3.amazonaws.com/fullbridge-pdfs/fp_34_information_design.pdf,upload_file_name=>fp_34_information_design.pdf,upload_file_size=>6658429,upload_content_type=>application/pdf,tags=>Day 1; ; Impactful Visuals and Graphs
created_at=>2011-03-16 21:52:20 UTC,title=>Tufte article,updated_at=>2011-03-16 22:28:19 UTC,id=>7365,day=>,quickload_header=>fp_34_,download_id=>7226,download_type=>Pdf,upload_url=>http://s3.amazonaws.com/fullbridge-pdfs/fp_34_tufte_article.pdf,upload_file_name=>fp_34_tufte_article.pdf,upload_file_size=>3538529,upload_content_type=>application/pdf,tags=>Day 1; ; Visual Design Principles
created_at=>2011-03-16 23:57:21 UTC,title=>Wall street info graphics,updated_at=>2011-03-17 00:00:21 UTC,id=>7421,day=>,quickload_header=>fp_34_02_02_,download_id=>7281,download_type=>Pdf,upload_url=>http://s3.amazonaws.com/fullbridge-pdfs/fp_34_02_02_Wall_Street_Info_Graphics.pdf,upload_file_name=>fp_34_02_02_Wall_Street_Info_Graphics.pdf,upload_file_size=>195704,upload_content_type=>application/pdf,tags=>Day 1; ; Impactful Visuals and Graphs
created_at=>2011-03-17 13:25:12 UTC,title=>Team project outline,updated_at=>2011-03-17 13:27:07 UTC,id=>7477,day=>,quickload_header=>fp_34_01_01_,download_id=>7336,download_type=>Pdf,upload_url=>http://s3.amazonaws.com/fullbridge-pdfs/fp_34_01_01_Team_Project_Outline.pdf,upload_file_name=>fp_34_01_01_Team_Project_Outline.pdf,upload_file_size=>130260,upload_content_type=>application/pdf,tags=>Day 1; ; Team Exercise
created_at=>2011-03-18 05:28:39 UTC,title=>Executive profiles for fullbridge project,updated_at=>2011-03-18 05:30:05 UTC,id=>7533,day=>,quickload_header=>fp_35_01_01_,download_id=>7391,download_type=>Pdf,upload_url=>http://s3.amazonaws.com/fullbridge-pdfs/fp_35_01_01_Executive_Profiles_for_Fullbridge_Project.pdf,upload_file_name=>fp_35_01_01_Executive_Profiles_for_Fullbridge_Project.pdf,upload_file_size=>63354,upload_content_type=>application/pdf,tags=>Day 1; ; Final Presentations
created_at=>2011-03-22 20:18:41 UTC,title=>Best memo hbsp,updated_at=>2011-03-22 20:20:24 UTC,id=>7762,day=>,quickload_header=>fp_38_04_01_,download_id=>7613,download_type=>Pdf,upload_url=>http://s3.amazonaws.com/fullbridge-pdfs/fp_38_04_01_Best_Memo_HBSP.pdf,upload_file_name=>fp_38_04_01_Best_Memo_HBSP.pdf,upload_file_size=>81786,upload_content_type=>application/pdf,tags=>Day 1; ; Business Memos
created_at=>2011-03-23 12:51:52 UTC,title=>Four way win template,updated_at=>2011-03-23 13:00:13 UTC,id=>7818,day=>,quickload_header=>fp_38_02_03_,download_id=>7,download_type=>Doc,upload_url=>http://s3.amazonaws.com/fullbridge-docs/fp_38_02_03_Four_Way_Win_Template.doc,upload_file_name=>fp_38_02_03_Four_Way_Win_Template.doc,upload_file_size=>28160,upload_content_type=>application/msword,tags=>Day 1; ; Evaluating Yourself
created_at=>2011-03-23 22:46:41 UTC,title=>Sparkling new rules that work,updated_at=>2011-03-23 22:59:59 UTC,id=>7938,day=>,quickload_header=>fp_39_04_02_,download_id=>7781,download_type=>Pdf,upload_url=>http://s3.amazonaws.com/fullbridge-pdfs/fp_39_04_02_sparkling_new_rules_that_work.pdf,upload_file_name=>fp_39_04_02_sparkling_new_rules_that_work.pdf,upload_file_size=>2185207,upload_content_type=>application/pdf,tags=>Day 1; ; Authentic Networking
created_at=>2011-03-23 22:46:41 UTC,title=>Why we hate to network,updated_at=>2011-03-23 22:59:30 UTC,id=>7939,day=>,quickload_header=>fp_39_04_02_,download_id=>7782,download_type=>Pdf,upload_url=>http://s3.amazonaws.com/fullbridge-pdfs/fp_39_04_02_why_we_hate_to_network.pdf,upload_file_name=>fp_39_04_02_why_we_hate_to_network.pdf,upload_file_size=>1595804,upload_content_type=>application/pdf,tags=>Day 1; ; Reaching Out
created_at=>2011-03-24 15:40:48 UTC,title=>Jason temple li and fung ,updated_at=>2011-03-24 15:59:26 UTC,id=>7995,day=>,quickload_header=>fp_40_03_01_,download_id=>7837,download_type=>Pdf,upload_url=>http://s3.amazonaws.com/fullbridge-pdfs/fp_40_03_01_Jason_Temple_Li_and_Fung_.pdf,upload_file_name=>fp_40_03_01_Jason_Temple_Li_and_Fung_.pdf,upload_file_size=>32875,upload_content_type=>application/pdf,tags=>Day 1; ; The Fullbridge Gallery I
created_at=>2011-03-24 15:40:48 UTC,title=>Tabitha humphries a better toilet brush,updated_at=>2011-03-24 15:58:56 UTC,id=>7997,day=>,quickload_header=>fp_40_03_01_,download_id=>7839,download_type=>Pdf,upload_url=>http://s3.amazonaws.com/fullbridge-pdfs/fp_40_03_01_Tabitha_Humphries_a_better_toilet_brush.pdf,upload_file_name=>fp_40_03_01_Tabitha_Humphries_a_better_toilet_brush.pdf,upload_file_size=>23081,upload_content_type=>application/pdf,tags=>Day 1; ; The Fullbridge Gallery I
created_at=>2011-03-24 16:40:55 UTC,title=>Steve krasman bms balance sheet ,updated_at=>2011-03-24 16:42:04 UTC,id=>8053,day=>,quickload_header=>fp_40_04_01_,download_id=>7894,download_type=>Pdf,upload_url=>http://s3.amazonaws.com/fullbridge-pdfs/fp_40_04_01_Steve_Krasman_BMS_Balance_Sheet_.pdf,upload_file_name=>fp_40_04_01_Steve_Krasman_BMS_Balance_Sheet_.pdf,upload_file_size=>37307,upload_content_type=>application/pdf,tags=>Day 1; ; The Fullbridge Gallery II
created_at=>2011-03-24 16:40:55 UTC,title=>Team x build cash flow memo,updated_at=>2011-03-24 18:04:52 UTC,id=>8054,day=>,quickload_header=>fp_40_04_01_,download_id=>7895,download_type=>Pdf,upload_url=>http://s3.amazonaws.com/fullbridge-pdfs/fp_40_04_01_team_x_Build_Cash_Flow_Memo.pdf,upload_file_name=>fp_40_04_01_team_x_Build_Cash_Flow_Memo.pdf,upload_file_size=>55647,upload_content_type=>application/pdf,tags=>Day 1; ; The Fullbridge Gallery II
created_at=>2011-03-24 16:40:56 UTC,title=>Team azure dcf analysis,updated_at=>2011-03-24 16:42:58 UTC,id=>8056,day=>,quickload_header=>fp_40_04_01_,download_id=>84,download_type=>Excel,upload_url=>http://s3.amazonaws.com/fullbridge-excels/fp_40_04_01_Team_Azure_DCF_Analysis.xls,upload_file_name=>fp_40_04_01_Team_Azure_DCF_Analysis.xls,upload_file_size=>17139,upload_content_type=>application/vnd.ms-excel,tags=>Day 1; ; The Fullbridge Gallery II
created_at=>2011-03-24 17:02:05 UTC,title=>Peter mccormack 9 3,updated_at=>2011-03-24 17:05:25 UTC,id=>8112,day=>,quickload_header=>fp_40_04_01_,download_id=>7950,download_type=>Pdf,upload_url=>http://s3.amazonaws.com/fullbridge-pdfs/fp_40_04_01_peter_mccormack_9_3.pdf,upload_file_name=>fp_40_04_01_peter_mccormack_9_3.pdf,upload_file_size=>30283,upload_content_type=>application/pdf,tags=>Day 1; ; The Fullbridge Gallery II
created_at=>2011-04-18 14:23:53 UTC,title=>Porter what is strategy,updated_at=>2011-04-18 14:44:10 UTC,id=>8118,day=>,quickload_header=>fp_03_01_03_,download_id=>7955,download_type=>Pdf,upload_url=>http://s3.amazonaws.com/fullbridge-pdfs/fp_03_01_03_porter_what_is_strategy.pdf,upload_file_name=>fp_03_01_03_porter_what_is_strategy.pdf,upload_file_size=>495500,upload_content_type=>application/pdf,tags=>Day 1; ; What Is Strategy?
created_at=>2011-04-25 02:31:50 UTC,title=>Secret of ikea success,updated_at=>2011-04-25 02:42:00 UTC,id=>8175,day=>,quickload_header=>fp_03_03_03_,download_id=>8011,download_type=>Pdf,upload_url=>http://s3.amazonaws.com/fullbridge-pdfs/fp_03_03_03_Secret_of_IKEA_Success.pdf,upload_file_name=>fp_03_03_03_Secret_of_IKEA_Success.pdf,upload_file_size=>700734,upload_content_type=>application/pdf,tags=>Day 1; ; IKEA's Game-Changing Moment; Game-Changing Moments
created_at=>2011-04-26 13:46:22 UTC,title=>Bear mountain snowboards income statement new,updated_at=>2011-04-26 13:54:26 UTC,id=>8280,day=>,quickload_header=>fp_16_04_01_,download_id=>85,download_type=>Excel,upload_url=>http://s3.amazonaws.com/fullbridge-excels/fp_16_04_01_Bear+Mountain+Snowboards+Income+Statement+new.xls,upload_file_name=>fp_16_04_01_Bear+Mountain+Snowboards+Income+Statement+new.xls,upload_file_size=>31744,upload_content_type=>application/vnd.ms-excel,tags=>Day 1; ; Analyzing Bear Mountain Snowboards
created_at=>2011-04-27 15:47:08 UTC,title=>Bear mountain snowboards balance sheet new,updated_at=>2011-04-27 15:58:26 UTC,id=>8336,day=>,quickload_header=>fp_18_04_01_,download_id=>86,download_type=>Excel,upload_url=>http://s3.amazonaws.com/fullbridge-excels/fp_18_04_01_Bear+Mountain+Snowboards+Balance+Sheet+new.xls,upload_file_name=>fp_18_04_01_Bear+Mountain+Snowboards+Balance+Sheet+new.xls,upload_file_size=>24064,upload_content_type=>application/vnd.ms-excel,tags=>Day 1; ; Aiming High
created_at=>2011-04-27 21:12:15 UTC,title=>Cash flow spread sheet,updated_at=>2011-04-27 21:14:08 UTC,id=>8559,day=>,quickload_header=>fp_20_02_02_,download_id=>89,download_type=>Excel,upload_url=>http://s3.amazonaws.com/fullbridge-excels/fp_20_02_02_cash+flow_spread_sheet.xlsx,upload_file_name=>fp_20_02_02_cash+flow_spread_sheet.xlsx,upload_file_size=>11907,upload_content_type=>application/octet-stream,tags=>Day 1; ; The Cash Flow Statement
created_at=>2011-05-04 15:56:00 UTC,title=>Apple 10k,updated_at=>2011-05-04 15:57:11 UTC,id=>8601,day=>,quickload_header=>fp_23_04_01_,download_id=>8425,download_type=>Pdf,upload_url=>http://s3.amazonaws.com/fullbridge-pdfs/fp_23_04_01_apple_10k.pdf,upload_file_name=>fp_23_04_01_apple_10k.pdf,upload_file_size=>602941,upload_content_type=>application/pdf,tags=>Day 1; ; Basket of Apple
created_at=>2011-05-04 16:00:22 UTC,title=>Apple gross margin chart sheet2,updated_at=>2011-05-04 16:01:26 UTC,id=>8657,day=>,quickload_header=>fp_23_04_01_,download_id=>8480,download_type=>Pdf,upload_url=>http://s3.amazonaws.com/fullbridge-pdfs/fp_23_04_01_apple+gross+margin+chart+Sheet2.pdf,upload_file_name=>fp_23_04_01_apple+gross+margin+chart+Sheet2.pdf,upload_file_size=>30658,upload_content_type=>application/pdf,tags=>Day 1; ; Basket of Apple
